seed,rho,top1,top3,aer_rank_of_efcl_pick,dF_miss,dF_spread,efcl_pick_category,aer_best_category,n_hot,n_boundaries
0,0.9794117647058824,0,0,4,0.056828671746748105,0.3348333387371476,baseline,baseline,4,10
1,0.9352941176470588,1,1,1,nan,0.22718506890805013,baseline,baseline,4,14
2,0.8823529411764707,0,1,2,0.004773979628537206,0.30709642128729725,perturb,baseline,4,15
3,0.9,1,1,1,nan,0.3459090142623428,baseline,baseline,4,16
4,0.9558823529411766,0,1,2,0.006315523206138152,0.18975130277836677,baseline,perturb,4,11
5,0.9558823529411766,1,1,1,nan,0.253912171870799,baseline,baseline,4,16
6,0.9205882352941176,0,1,3,0.02060705156714704,0.25902849646265846,perturb,baseline,4,11
7,0.9382352941176471,0,0,4,0.027780918583736658,0.27964864378652815,baseline,perturb,5,10
8,0.9411764705882352,0,1,2,0.005214359233487342,0.22883482639495245,perturb,baseline,3,11
9,0.9529411764705882,0,0,4,0.05920247044091442,0.25922432133792556,baseline,baseline,5,13
10,0.8852941176470588,0,1,2,0.013194154796573043,0.2770373154538548,perturb,baseline,4,14
11,0.9735294117647059,1,1,1,nan,0.36905284331000543,baseline,baseline,4,15
12,0.9735294117647059,0,1,2,0.015557012108902812,0.264092383307414,perturb,perturb,4,17
13,0.9676470588235294,1,1,1,nan,0.3087035870340924,baseline,baseline,4,10
14,0.9588235294117649,0,1,2,8.6898805970681e-05,0.323635953238574,baseline,perturb,4,10
15,0.9558823529411766,0,1,2,0.0002445956853631692,0.3131577023011517,perturb,baseline,5,15
16,0.9470588235294116,1,1,1,nan,0.2806342906382102,baseline,baseline,4,12
17,0.9205882352941176,0,0,4,0.05226606193987049,0.2781450022289006,random,perturb,4,11
18,0.5176470588235293,0,0,4,0.020877416806299842,0.20446863430660944,random,baseline,4,11
19,0.8588235294117647,0,0,4,0.059960442196473784,0.26556794446128296,baseline,perturb,4,13
20,0.888235294117647,0,1,2,0.009278995007613422,0.24013636271337696,perturb,baseline,3,9
21,0.9294117647058824,0,1,2,0.005926820452043291,0.2631692712443039,random,baseline,5,10
22,0.9294117647058824,1,1,1,nan,0.27409279051118796,baseline,baseline,3,8
23,0.8588235294117647,1,1,1,nan,0.3376329623460057,baseline,baseline,3,10
24,0.9676470588235294,0,0,4,0.06081310793642125,0.33942500913914636,baseline,perturb,4,13
26,0.9558823529411766,1,1,1,nan,0.2569218296768487,baseline,baseline,4,10
28,0.9411764705882352,1,1,1,nan,0.33792419529246837,baseline,baseline,4,13
29,0.911764705882353,0,0,5,0.07705640851862272,0.2733051167661816,baseline,baseline,4,12
30,0.961764705882353,1,1,1,nan,0.2844610498095175,baseline,baseline,4,13
31,0.9852941176470588,1,1,1,nan,0.27257287381391426,baseline,baseline,4,10
32,0.9794117647058824,1,1,1,nan,0.3540237823643295,baseline,baseline,4,16
34,0.8735294117647058,1,1,1,nan,0.3542219448189713,baseline,baseline,4,13
36,0.9558823529411766,0,1,2,0.014311714720609214,0.20843043152139284,perturb,baseline,3,13
37,0.961764705882353,0,1,2,0.011220347507099993,0.3106451011634952,perturb,baseline,3,13
38,0.9088235294117648,0,1,2,0.01552410010917693,0.27564714007640906,random,baseline,4,16
39,0.8676470588235294,0,0,4,0.045362942799105244,0.26652974279778896,perturb,baseline,3,12
40,0.9852941176470588,1,1,1,nan,0.3965392510497695,baseline,baseline,4,13
42,0.9647058823529412,1,1,1,nan,0.3403699478388982,baseline,baseline,4,15
43,0.8970588235294116,1,1,1,nan,0.29569968332330254,baseline,baseline,4,10
44,0.8470588235294119,0,1,2,0.007982035937655563,0.21874078728467183,random,baseline,4,14
45,0.9852941176470588,0,1,2,0.03682165553677108,0.35601174361787136,baseline,baseline,4,15
46,0.9588235294117649,1,1,1,nan,0.3050735393620294,perturb,perturb,4,10
47,0.9529411764705882,0,0,4,0.05092467531002465,0.27007116234781353,random,baseline,4,13
48,0.9470588235294116,1,1,1,nan,0.3866357180517248,baseline,baseline,4,14
50,0.9735294117647059,1,1,1,nan,0.24513760007016494,perturb,perturb,4,15
51,0.8558823529411764,1,1,1,nan,0.2988530258984906,perturb,perturb,5,10
52,0.8705882352941177,0,1,3,0.014168093500846468,0.2289310597616699,random,perturb,4,13
53,0.95,1,1,1,nan,0.2910433234435244,baseline,baseline,5,12
54,0.95,1,1,1,nan,0.2742419504882252,baseline,baseline,4,11
55,0.9264705882352942,1,1,1,nan,0.2841212105593565,baseline,baseline,4,13
56,0.9441176470588234,1,1,1,nan,0.2337168624483077,baseline,baseline,4,11
57,0.8705882352941177,0,1,3,0.028961987966667824,0.2825341155657945,perturb,perturb,4,12
58,0.8617647058823529,0,0,4,0.04768517946066353,0.269090010427705,baseline,perturb,3,11
59,0.9294117647058824,0,1,2,0.009179412698980038,0.25060002817419436,baseline,baseline,4,8
60,0.823529411764706,1,1,1,nan,0.23543075495242,baseline,baseline,4,14
61,0.9235294117647058,1,1,1,nan,0.29158189109310917,baseline,baseline,4,17
62,0.9205882352941176,1,1,1,nan,0.35436712531895526,baseline,baseline,4,13
63,0.9205882352941176,1,1,1,nan,0.27543583288746687,baseline,baseline,5,9
64,0.85,0,0,4,0.05212775017227311,0.34210955212519384,baseline,baseline,4,11
65,0.9529411764705882,0,1,2,0.00023805319384750945,0.2730145923440171,baseline,perturb,5,11
66,0.8705882352941177,0,0,4,0.044493583175965634,0.2010936812527111,random,perturb,4,11
67,0.9676470588235294,0,1,2,0.01319965687931024,0.30644474527992355,perturb,perturb,4,15
68,0.8941176470588235,0,0,5,0.04593390934628383,0.25404022179212693,baseline,baseline,5,10
69,0.8441176470588234,1,1,1,nan,0.3028592345676946,random,random,4,14
70,0.9294117647058824,1,1,1,nan,0.27097733752952935,baseline,baseline,4,13
71,0.8147058823529412,0,0,5,0.020190840755472506,0.2387998928498959,baseline,baseline,3,11
72,0.976470588235294,1,1,1,nan,0.3930681555588445,baseline,baseline,4,10
73,0.9588235294117649,0,1,2,0.0037472865773211517,0.3566612148701638,baseline,perturb,4,14
74,0.8264705882352942,0,0,4,0.03203858120453368,0.2114650921232411,baseline,baseline,5,10
75,0.9264705882352942,0,0,4,0.07086252359562206,0.31446823149276215,random,perturb,5,11
78,0.9823529411764707,0,1,2,0.008777296814053592,0.3334502224627795,baseline,perturb,4,11
79,0.8529411764705882,1,1,1,nan,0.29946724115115075,baseline,baseline,3,12
80,0.9058823529411765,0,0,5,0.0281629903862588,0.3625165041896158,baseline,baseline,4,9
81,0.9647058823529412,1,1,1,nan,0.2738857291758896,baseline,baseline,5,11
82,0.7352941176470589,0,0,4,0.012794088970179862,0.2687207688411141,random,perturb,4,12
83,0.976470588235294,0,1,2,0.0037838122688025333,0.3636426235365687,perturb,baseline,4,10
84,0.9529411764705882,1,1,1,nan,0.24912270212497184,baseline,baseline,5,8
85,0.9352941176470588,0,0,4,0.03621577162054135,0.31680248673988426,baseline,baseline,4,10
86,0.8764705882352942,1,1,1,nan,0.2584381077315294,baseline,baseline,4,12
87,0.8411764705882352,1,1,1,nan,0.3224226551971388,baseline,baseline,3,9
88,0.8588235294117647,1,1,1,nan,0.35671535293100576,baseline,baseline,4,11
89,0.9294117647058824,0,0,4,0.03271317972476884,0.2433499351275752,baseline,baseline,4,16
91,0.8617647058823529,0,0,5,0.024436112674123378,0.2902060330209737,baseline,perturb,4,13
92,0.9852941176470588,1,1,1,nan,0.2839223435734275,baseline,baseline,4,14
93,0.8970588235294116,1,1,1,nan,0.31519020590963415,baseline,baseline,4,9
94,0.9558823529411766,1,1,1,nan,0.30492846384102035,baseline,baseline,4,11
96,0.911764705882353,0,1,2,0.006726812530401194,0.2977728822911892,baseline,perturb,4,12
97,0.8764705882352942,0,0,5,0.0664467375492746,0.2870301108612191,baseline,baseline,5,15
98,0.9235294117647058,0,0,5,0.050676699188668906,0.28601362109079925,baseline,perturb,4,12
99,0.8852941176470588,0,0,5,0.03838633184680196,0.23479961433863583,perturb,perturb,4,12
100,0.9735294117647059,0,1,2,0.00015241381347297356,0.3139644617252887,perturb,baseline,4,13
101,0.9176470588235294,0,1,3,0.0070997595523606405,0.23666261935236693,baseline,perturb,4,12
102,0.9205882352941176,0,0,4,0.027912885373218677,0.2519179243113716,baseline,baseline,4,11
103,0.8735294117647058,0,0,5,0.026847915189242566,0.2786558430266652,baseline,baseline,4,11
105,0.9264705882352942,0,1,2,0.00010141077196934578,0.18642697103385375,baseline,perturb,4,14
106,0.8647058823529412,1,1,1,nan,0.3548316885585581,baseline,baseline,4,13
107,0.9352941176470588,0,0,4,0.006771593926601593,0.2200162465694907,baseline,random,4,10
108,0.7941176470588236,1,1,1,nan,0.3285780370636086,baseline,baseline,4,13
109,0.7411764705882353,1,1,1,nan,0.21778823549389315,baseline,baseline,4,13
110,0.8852941176470588,0,1,2,0.0009103300449111451,0.25755334041264244,baseline,perturb,4,11
