seed,family,depth,n_hot,p_cold,duty_spread,mean_duty,contested,n_2q,cut,f_2xSC,f_2xNA,f_SCNA,mk_2xSC,mk_2xNA,mk_SCNA,comm_2xSC,comm_2xNA,comm_SCNA,part_2xSC,part_2xNA,part_SCNA,best_homo,f_best_homo,mk_best_homo,rel_gain_pct,mk_ratio,mk_dominated,pareto_win,winner,liveness,idle_rate
0,hotcore,20,4,0.154,0.2807,0.4116,0,30,8,0.677251,0.658974,0.678628,4460.0,18000.0,9160.0,8,8,8,0|1|4|5,0|1|4|5,2|3|6|7,2xSC,0.677251,4460.0,0.427,2.0538,1,0,SC+NA,0.556250,0.443750
1,hotcore,20,4,0.171,0.2594,0.3613,0,22,7,0.667326,0.692913,0.658523,4880.0,17000.0,12240.0,7,7,7,0|1|4|7,0|2|4|7,1|3|5|6,2xNA,0.692913,17000.0,-11.199,0.72,0,0,2xNA,0.487500,0.512500
2,hotcore,20,3,0.19,0.3156,0.3809,0,28,7,0.670288,0.681603,0.713925,5260.0,19500.0,7680.0,7,7,7,0|2|3|7,0|2|3|7,1|4|5|6,2xNA,0.681603,19500.0,10.152,0.3938,0,1,SC+NA,0.487500,0.512500
3,hotcore,20,5,0.113,0.2783,0.3894,1,27,7,0.69565,0.687618,0.682201,5860.0,17500.0,10360.0,7,7,7,0|5|6|7,0|5|6|7,0|5|6|7,2xSC,0.69565,5860.0,-4.419,1.7679,0,0,2xSC,0.506250,0.493750
4,hotcore,20,3,0.03,0.2912,0.2576,0,16,0,0.849987,0.897846,0.94009,5460.0,16500.0,5460.0,0,0,0,0|1|3|6,0|1|3|6,0|1|3|6,2xNA,0.897846,16500.0,41.353,0.3309,0,1,SC+NA,0.312500,0.687500
5,hotcore,20,5,0.151,0.2149,0.4058,1,29,10,0.636348,0.622121,0.61217,4920.0,17000.0,13520.0,10,10,10,0|2|4|5,0|2|4|5,1|3|6|7,2xSC,0.636348,4920.0,-6.649,2.748,0,0,2xSC,0.612500,0.387500
6,hotcore,20,4,0.166,0.2316,0.3861,0,28,10,0.621369,0.61249,0.589238,4280.0,18000.0,10360.0,10,10,12,0|5|6|7,0|5|6|7,0|1|4|7,2xSC,0.621369,4280.0,-8.486,2.4206,0,0,2xSC,0.537500,0.462500
7,hotcore,20,3,0.039,0.3229,0.312,0,16,2,0.758144,0.833784,0.849862,6080.0,14500.0,6280.0,2,2,2,0|3|5|6,0|3|5|6,1|2|4|7,2xNA,0.833784,14500.0,9.673,0.4331,0,1,SC+NA,0.337500,0.662500
8,hotcore,20,5,0.193,0.2481,0.4483,1,33,12,0.561427,0.565304,0.539731,5660.0,18000.0,13500.0,12,12,12,0|1|4|7,0|1|4|7,0|1|4|7,2xNA,0.565304,18000.0,-5.883,0.75,0,0,2xNA,0.568750,0.431250
9,hotcore,20,5,0.081,0.2929,0.4738,1,35,11,0.550903,0.566321,0.55239,6460.0,19000.0,12700.0,11,11,11,0|2|3|4,0|2|3|4,0|2|3|4,2xNA,0.566321,19000.0,-3.212,0.6684,0,0,2xNA,0.587500,0.412500
10,hotcore,20,3,0.091,0.32,0.307,0,21,2,0.762329,0.821925,0.845343,6440.0,18000.0,7260.0,2,2,2,0|3|6|7,0|3|6|7,0|3|6|7,2xNA,0.821925,18000.0,13.15,0.4033,0,1,SC+NA,0.431250,0.568750
11,hotcore,20,4,0.116,0.2358,0.3295,0,21,7,0.720728,0.705576,0.722567,4100.0,16500.0,6800.0,7,7,7,0|2|3|5,0|2|3|5,1|4|6|7,2xSC,0.720728,4100.0,0.659,1.6585,1,0,SC+NA,0.487500,0.512500
12,hotcore,20,3,0.135,0.2687,0.2926,0,20,2,0.869444,0.836112,0.863142,4100.0,17000.0,5940.0,2,2,2,0|2|5|6,0|2|5|6,0|2|5|6,2xSC,0.869444,4100.0,-4.827,1.4488,0,0,2xSC,0.412500,0.587500
13,hotcore,20,3,0.14,0.2228,0.3415,0,21,7,0.712887,0.700847,0.65795,3240.0,17000.0,9160.0,7,7,9,0|1|5|6,0|1|5|6,0|1|3|5,2xSC,0.712887,3240.0,-19.134,2.8272,0,0,2xSC,0.437500,0.562500
14,hotcore,20,3,0.143,0.2444,0.3092,0,20,4,0.821018,0.788704,0.817354,4500.0,16500.0,6780.0,4,4,4,0|2|4|5,0|2|4|5,0|2|4|5,2xSC,0.821018,4500.0,-2.047,1.5067,0,0,2xSC,0.425000,0.575000
15,hotcore,20,3,0.012,0.3454,0.2957,0,18,1,0.761239,0.844584,0.855103,6860.0,17500.0,7660.0,1,1,1,0|3|6|7,0|3|6|7,0|3|6|7,2xNA,0.844584,17500.0,6.769,0.4377,0,1,SC+NA,0.400000,0.600000
16,hotcore,20,4,0.101,0.2554,0.3973,0,29,9,0.658555,0.649552,0.664347,5680.0,18500.0,9360.0,9,9,9,0|2|3|5,0|2|3|5,0|2|3|5,2xSC,0.658555,5680.0,1.696,1.6479,1,0,SC+NA,0.531250,0.468750
17,hotcore,20,4,0.163,0.1696,0.3475,0,22,10,0.618715,0.628711,0.625488,3880.0,15000.0,9260.0,10,10,10,0|2|5|7,0|1|3|7,2|4|5|6,2xNA,0.628711,15000.0,-0.868,0.6173,0,0,2xNA,0.531250,0.468750
18,hotcore,20,3,0.136,0.2816,0.3267,0,18,5,0.737398,0.76645,0.752891,4680.0,15000.0,8320.0,6,5,5,0|1|2|4,0|2|4|6,1|3|5|7,2xNA,0.76645,15000.0,-5.806,0.5547,0,0,2xNA,0.343750,0.656250
19,hotcore,20,5,0.159,0.259,0.4424,1,32,10,0.605257,0.600306,0.561779,5840.0,18000.0,14000.0,10,10,10,0|1|3|6,0|1|3|6,2|4|5|7,2xSC,0.605257,5840.0,-11.014,2.3973,0,0,2xSC,0.625000,0.375000
20,hotcore,20,3,0.14,0.3096,0.3351,0,24,4,0.790867,0.755488,0.793763,4480.0,19000.0,7040.0,4,4,5,0|2|3|7,0|2|3|7,3|4|5|6,2xSC,0.790867,4480.0,1.385,1.5714,1,0,SC+NA,0.500000,0.500000
21,hotcore,20,4,0.141,0.2454,0.3382,0,22,6,0.726162,0.73752,0.748185,4880.0,17000.0,9340.0,6,6,6,0|1|2|5,0|1|2|5,3|4|6|7,2xNA,0.73752,17000.0,4.063,0.5494,0,1,SC+NA,0.450000,0.550000
22,hotcore,20,4,0.037,0.4233,0.4389,0,31,1,0.778332,0.79189,0.869087,6620.0,19000.0,7420.0,1,1,1,0|2|5|7,0|2|5|7,0|2|5|7,2xNA,0.79189,19000.0,37.094,0.3905,0,1,SC+NA,0.506250,0.493750
23,hotcore,20,3,0.19,0.2022,0.3439,0,22,9,0.676329,0.671883,0.663014,3460.0,16500.0,9160.0,9,9,9,0|3|4|5,0|1|2|4,0|1|2|4,2xSC,0.676329,3460.0,-4.114,2.6474,0,0,2xSC,0.500000,0.500000
24,hotcore,20,3,0.17,0.3388,0.341,0,25,5,0.732118,0.737324,0.765253,4660.0,19000.0,7360.0,5,5,5,0|2|4|7,0|2|4|7,1|3|5|7,2xNA,0.737324,19000.0,10.633,0.3874,0,1,SC+NA,0.443750,0.556250
25,hotcore,20,3,0.186,0.2325,0.329,0,19,6,0.723918,0.733097,0.700092,3860.0,15000.0,9040.0,6,6,7,0|4|5|6,0|4|5|6,3|4|5|7,2xNA,0.733097,15000.0,-12.366,0.6027,0,0,2xNA,0.412500,0.587500
26,hotcore,20,5,0.049,0.3288,0.4496,1,33,10,0.584386,0.597773,0.563786,6040.0,19500.0,14500.0,10,10,10,0|3|6|7,0|3|6|7,0|3|6|7,2xNA,0.597773,19500.0,-8.45,0.7436,0,0,2xNA,0.581250,0.418750
27,hotcore,20,3,0.143,0.2601,0.2713,0,18,3,0.749225,0.801817,0.806581,4280.0,17000.0,9740.0,5,3,3,0|1|2|6,0|1|2|5,0|1|2|5,2xNA,0.801817,17000.0,2.404,0.5729,0,1,SC+NA,0.443750,0.556250
28,hotcore,20,3,0.035,0.3159,0.2758,0,16,1,0.833994,0.868139,0.882673,4900.0,16000.0,6140.0,1,1,1,0|1|3|5,0|4|6|7,1|2|3|5,2xNA,0.868139,16000.0,11.022,0.3837,0,1,SC+NA,0.337500,0.662500
29,hotcore,20,4,0.076,0.2963,0.34,0,23,3,0.721258,0.783364,0.799953,7080.0,18500.0,8660.0,3,3,3,0|5|6|7,0|5|6|7,1|2|3|4,2xNA,0.783364,18500.0,7.658,0.4681,0,1,SC+NA,0.506250,0.493750
30,hotcore,20,5,0.065,0.3527,0.4732,1,35,11,0.549277,0.598968,0.559187,8240.0,19000.0,15620.0,11,11,11,0|1|5|6,0|1|5|6,2|3|4|7,2xNA,0.598968,19000.0,-9.92,0.8221,0,0,2xNA,0.581250,0.418750
31,hotcore,20,5,0.031,0.2734,0.3504,1,23,7,0.678193,0.690066,0.65164,4440.0,14500.0,11800.0,7,7,7,0|1|4|7,0|1|4|7,0|1|4|7,2xNA,0.690066,14500.0,-12.398,0.8138,0,0,2xNA,0.443750,0.556250
32,hotcore,20,3,0.051,0.3006,0.2718,0,16,1,0.842592,0.858052,0.896273,4500.0,16000.0,4680.0,1,1,1,0|5|6|7,0|5|6|7,0|5|6|7,2xNA,0.858052,16000.0,26.926,0.2925,0,1,SC+NA,0.306250,0.693750
33,hotcore,20,4,0.13,0.3236,0.3379,0,23,1,0.825666,0.822762,0.872926,5900.0,18000.0,6700.0,1,1,1,0|1|2|3,0|1|2|3,4|5|6|7,2xSC,0.825666,5900.0,27.109,1.1356,1,0,SC+NA,0.487500,0.512500
34,hotcore,20,3,0.121,0.2897,0.2816,0,19,2,0.788089,0.818668,0.851395,5500.0,18500.0,7080.0,2,2,2,0|1|2|6,0|1|2|6,0|1|2|6,2xNA,0.818668,18500.0,18.048,0.3827,0,1,SC+NA,0.425000,0.575000
35,hotcore,20,3,0.153,0.2393,0.3104,0,21,5,0.728786,0.757144,0.754125,5720.0,16500.0,7860.0,5,5,5,0|2|3|4,0|2|3|4,0|2|3|4,2xNA,0.757144,16500.0,-1.243,0.4764,0,0,2xNA,0.462500,0.537500
36,hotcore,20,4,0.197,0.1984,0.341,0,24,10,0.638857,0.634293,0.624956,3900.0,16000.0,8580.0,10,10,11,0|1|4|5,0|1|4|5,0|1|4|7,2xSC,0.638857,3900.0,-3.849,2.2,0,0,2xSC,0.556250,0.443750
37,hotcore,20,5,0.027,0.3065,0.4162,1,30,9,0.618399,0.625749,0.604101,5620.0,19500.0,13720.0,9,9,9,0|2|5|7,0|2|5|7,0|2|5|7,2xNA,0.625749,19500.0,-5.784,0.7036,0,0,2xNA,0.600000,0.400000
38,hotcore,20,3,0.092,0.2429,0.2942,0,18,4,0.723474,0.772092,0.765773,5500.0,16500.0,7780.0,4,4,4,0|2|4|6,0|3|5|7,1|3|5|7,2xNA,0.772092,16500.0,-2.772,0.4715,0,0,2xNA,0.387500,0.612500
39,hotcore,20,4,0.083,0.2877,0.3678,0,27,4,0.725218,0.736049,0.781258,5480.0,17000.0,7080.0,4,4,4,0|2|5|6,0|2|5|6,0|2|5|6,2xNA,0.736049,17000.0,17.128,0.4165,0,1,SC+NA,0.475000,0.525000
40,hotcore,20,4,0.177,0.2819,0.4476,0,33,13,0.544761,0.555135,0.575446,6440.0,19500.0,10440.0,13,13,13,0|4|6|7,0|4|6|7,1|2|3|5,2xNA,0.555135,19500.0,4.566,0.5354,0,1,SC+NA,0.562500,0.437500
41,hotcore,20,4,0.054,0.3153,0.3448,0,24,2,0.818643,0.816243,0.881275,4500.0,17500.0,5640.0,2,2,2,0|1|5|6,0|1|5|6,2|3|4|7,2xSC,0.818643,4500.0,34.535,1.2533,1,0,SC+NA,0.437500,0.562500
42,hotcore,20,3,0.015,0.3381,0.2616,0,17,0,0.827713,0.880805,0.916469,5520.0,18000.0,5520.0,0,0,0,0|2|3|5,0|1|2|5,0|2|3|5,2xNA,0.880805,18000.0,29.921,0.3067,0,1,SC+NA,0.350000,0.650000
43,hotcore,20,4,0.142,0.2015,0.3578,0,25,10,0.641949,0.655685,0.654187,4440.0,17000.0,8900.0,10,10,10,0|5|6|7,0|5|6|7,0|5|6|7,2xNA,0.655685,17000.0,-0.435,0.5235,0,0,2xNA,0.443750,0.556250
44,hotcore,20,3,0.113,0.2759,0.3125,0,19,4,0.790537,0.778046,0.787263,5140.0,17000.0,7960.0,4,4,4,0|3|4|5,0|3|4|5,1|2|6|7,2xSC,0.790537,5140.0,-1.563,1.5486,0,0,2xSC,0.425000,0.575000
45,hotcore,20,4,0.103,0.2632,0.3527,0,26,4,0.750804,0.750838,0.772808,5440.0,17500.0,8520.0,4,4,4,0|5|6|7,0|5|6|7,0|5|6|7,2xNA,0.750838,17500.0,8.818,0.4869,0,1,SC+NA,0.443750,0.556250
46,hotcore,20,3,0.086,0.3288,0.2906,0,21,1,0.861943,0.84556,0.890741,5020.0,19500.0,5820.0,1,1,1,0|2|4|6,0|2|4|6,0|2|4|6,2xSC,0.861943,5020.0,20.859,1.1594,1,0,SC+NA,0.412500,0.587500
47,hotcore,20,4,0.092,0.2984,0.362,0,25,5,0.716214,0.748636,0.757883,6300.0,18500.0,9560.0,5,5,5,0|1|2|6,0|1|2|6,3|4|5|7,2xNA,0.748636,18500.0,3.678,0.5168,0,1,SC+NA,0.481250,0.518750
48,hotcore,20,4,0.035,0.2935,0.3084,0,21,2,0.826268,0.812706,0.872158,4500.0,17500.0,5140.0,2,2,2,0|2|4|6,0|2|4|6,1|3|5|7,2xSC,0.826268,4500.0,26.414,1.1422,1,0,SC+NA,0.443750,0.556250
49,hotcore,20,5,0.089,0.2836,0.4332,1,32,13,0.584826,0.569052,0.53262,4060.0,18500.0,13820.0,13,13,14,0|3|4|6,0|3|4|6,0|1|5|7,2xSC,0.584826,4060.0,-12.574,3.4039,0,0,2xSC,0.537500,0.462500
50,hotcore,20,3,0.061,0.3178,0.2623,0,17,0,0.850418,0.883498,0.929151,4840.0,17000.0,4840.0,0,0,0,0|2|6|7,0|2|6|7,0|2|6|7,2xNA,0.883498,17000.0,39.187,0.2847,0,1,SC+NA,0.356250,0.643750
51,hotcore,20,3,0.105,0.2358,0.3015,0,21,7,0.726721,0.731237,0.730518,4280.0,17500.0,7840.0,7,7,8,0|1|5|7,0|1|5|7,3|4|5|6,2xNA,0.731237,17500.0,-0.268,0.448,0,0,2xNA,0.381250,0.618750
52,hotcore,20,4,0.02,0.3481,0.3488,0,25,0,0.800569,0.838438,0.91083,7060.0,18500.0,7060.0,0,0,0,0|1|3|5,0|1|3|5,0|1|3|5,2xNA,0.838438,18500.0,44.808,0.3816,0,1,SC+NA,0.518750,0.481250
53,hotcore,20,5,0.179,0.2156,0.4548,1,33,13,0.580149,0.562685,0.501423,4280.0,17500.0,14500.0,13,13,13,0|1|5|6,0|1|5|6,1|2|5|7,2xSC,0.580149,4280.0,-18.751,3.3879,0,0,2xSC,0.631250,0.368750
54,hotcore,20,4,0.036,0.3157,0.3325,0,24,1,0.799906,0.815077,0.875967,6460.0,18500.0,6480.0,1,1,1,0|2|4|5,0|2|4|5,1|3|6|7,2xNA,0.815077,18500.0,32.927,0.3503,0,1,SC+NA,0.475000,0.525000
55,hotcore,20,5,0.191,0.2799,0.4554,1,32,10,0.614795,0.60943,0.573194,4060.0,18500.0,13600.0,11,10,10,0|2|4|6,0|3|5|7,1|2|4|6,2xSC,0.614795,4060.0,-10.8,3.3498,0,0,2xSC,0.543750,0.456250
56,hotcore,20,5,0.116,0.3293,0.481,1,35,13,0.546105,0.544474,0.514405,4700.0,19000.0,15500.0,15,13,13,0|3|5|6,0|2|4|5,1|3|6|7,2xSC,0.546105,4700.0,-6.984,3.2979,0,0,2xSC,0.656250,0.343750
57,hotcore,20,5,0.122,0.3169,0.4319,1,32,11,0.560759,0.587231,0.576383,6040.0,18000.0,12420.0,12,11,11,0|1|3|7,0|1|6|7,2|3|4|5,2xNA,0.587231,18000.0,-2.628,0.69,0,0,2xNA,0.525000,0.475000
58,hotcore,20,3,0.049,0.3251,0.2935,0,17,2,0.809317,0.840092,0.866931,4920.0,17000.0,5720.0,2,2,2,0|1|2|3,0|1|2|3,0|1|2|3,2xNA,0.840092,17000.0,16.784,0.3365,0,1,SC+NA,0.362500,0.637500
59,hotcore,20,3,0.187,0.2265,0.3176,0,17,5,0.768257,0.765742,0.75482,3520.0,14000.0,6920.0,5,5,5,0|1|4|5,0|1|4|5,2|3|6|7,2xSC,0.768257,3520.0,-5.798,1.9659,0,0,2xSC,0.406250,0.593750
60,hotcore,20,4,0.12,0.2834,0.3822,0,28,6,0.688321,0.716784,0.756812,6060.0,18000.0,7900.0,6,6,6,0|2|5|7,0|2|5|7,0|2|5|7,2xNA,0.716784,18000.0,14.133,0.4389,0,1,SC+NA,0.500000,0.500000
61,hotcore,20,4,0.116,0.2493,0.3393,0,23,7,0.706055,0.693809,0.70354,4100.0,16500.0,8560.0,7,7,7,0|2|4|5,0|2|4|5,0|2|4|5,2xSC,0.706055,4100.0,-0.856,2.0878,0,0,2xSC,0.500000,0.500000
62,hotcore,20,3,0.043,0.2849,0.2692,0,18,3,0.796122,0.814141,0.828076,4120.0,17500.0,6580.0,3,3,3,0|1|3|4,0|1|3|6,2|5|6|7,2xNA,0.814141,17500.0,7.497,0.376,0,1,SC+NA,0.425000,0.575000
63,hotcore,20,4,0.066,0.2861,0.3255,0,22,3,0.775191,0.783706,0.807921,5500.0,18500.0,7660.0,3,3,3,0|1|3|5,0|1|3|5,0|1|3|5,2xNA,0.783706,18500.0,11.195,0.4141,0,1,SC+NA,0.487500,0.512500
64,hotcore,20,5,0.13,0.2763,0.4509,1,33,12,0.569074,0.580835,0.577577,7040.0,19000.0,13800.0,12,12,12,0|2|4|6,0|2|4|6,0|2|4|6,2xNA,0.580835,19000.0,-0.777,0.7263,0,0,2xNA,0.593750,0.406250
65,hotcore,20,4,0.065,0.2863,0.3273,0,21,3,0.794868,0.792374,0.822236,4700.0,17000.0,7100.0,3,3,3,0|1|2|5,0|1|2|5,3|4|6|7,2xSC,0.794868,4700.0,13.342,1.5106,1,0,SC+NA,0.468750,0.531250
66,hotcore,20,4,0.093,0.2756,0.2914,0,18,1,0.77639,0.854171,0.86219,6420.0,16000.0,7220.0,1,1,1,0|2|4|7,0|2|4|7,0|2|4|7,2xNA,0.854171,16000.0,5.499,0.4512,0,1,SC+NA,0.350000,0.650000
67,hotcore,20,4,0.156,0.2347,0.3834,0,23,8,0.644635,0.679651,0.665658,3680.0,17000.0,9940.0,10,8,8,0|1|5|7,0|1|2|6,3|4|5|7,2xNA,0.679651,17000.0,-4.368,0.5847,0,0,2xNA,0.556250,0.443750
68,hotcore,20,5,0.189,0.2208,0.4195,1,30,13,0.564164,0.550213,0.526484,4360.0,18500.0,14420.0,13,13,13,0|2|3|7,0|2|3|7,1|3|4|6,2xSC,0.564164,4360.0,-8.645,3.3073,0,0,2xSC,0.631250,0.368750
69,hotcore,20,5,0.028,0.2789,0.394,1,29,11,0.582698,0.597221,0.571897,5480.0,18500.0,13140.0,11,11,11,0|1|4|6,0|1|4|6,2|3|5|7,2xNA,0.597221,18500.0,-6.287,0.7103,0,0,2xNA,0.500000,0.500000
70,hotcore,20,3,0.066,0.2808,0.2912,0,21,5,0.722838,0.740007,0.756274,3740.0,17500.0,7580.0,6,5,5,0|2|3|6,0|1|5|7,0|1|4|5,2xNA,0.740007,17500.0,6.257,0.4331,0,1,SC+NA,0.418750,0.581250
71,hotcore,20,3,0.128,0.2767,0.3159,0,22,6,0.712101,0.72226,0.723157,4680.0,15500.0,8040.0,6,6,6,0|2|3|6,0|2|3|6,0|1|2|3,2xNA,0.72226,15500.0,0.323,0.5187,0,1,SC+NA,0.400000,0.600000
72,hotcore,20,4,0.123,0.2125,0.3163,0,19,5,0.774069,0.759074,0.775737,3540.0,14500.0,6960.0,5,5,5,0|1|3|6,0|1|3|6,2|4|5|7,2xSC,0.774069,3540.0,0.738,1.9661,1,0,SC+NA,0.456250,0.543750
73,hotcore,20,4,0.105,0.2637,0.3194,0,23,6,0.724865,0.72638,0.759221,4900.0,17500.0,6500.0,6,6,6,0|3|4|7,0|3|4|7,0|3|4|7,2xNA,0.72638,17500.0,12.002,0.3714,0,1,SC+NA,0.462500,0.537500
74,hotcore,20,3,0.108,0.3278,0.3403,0,25,4,0.725806,0.762671,0.813764,7020.0,19000.0,7460.0,4,4,4,0|1|4|6,0|1|4|6,1|4|5|6,2xNA,0.762671,19000.0,21.528,0.3926,0,1,SC+NA,0.437500,0.562500
75,hotcore,20,5,0.093,0.2884,0.4732,1,35,14,0.537146,0.539355,0.501858,5260.0,18500.0,14500.0,14,14,14,0|2|5|6,0|3|5|7,0|2|5|6,2xNA,0.539355,18500.0,-8.14,0.7838,0,0,2xNA,0.581250,0.418750
76,hotcore,20,4,0.191,0.2514,0.4084,0,30,10,0.629942,0.623184,0.633047,4900.0,18000.0,9720.0,10,10,10,0|2|3|7,0|2|3|7,0|1|2|3,2xSC,0.629942,4900.0,0.839,1.9837,1,0,SC+NA,0.525000,0.475000
77,hotcore,20,3,0.072,0.3312,0.3024,0,22,2,0.779095,0.809357,0.8526,5440.0,19000.0,6240.0,2,2,2,0|3|4|7,0|3|4|7,0|3|4|7,2xNA,0.809357,19000.0,22.683,0.3284,0,1,SC+NA,0.412500,0.587500
78,hotcore,20,5,0.028,0.2835,0.3691,1,26,9,0.640937,0.649399,0.611163,5860.0,19000.0,14800.0,9,9,9,0|3|4|5,0|3|4|5,0|3|4|5,2xNA,0.649399,19000.0,-10.906,0.7789,0,0,2xNA,0.600000,0.400000
79,hotcore,20,3,0.076,0.3206,0.3194,0,20,4,0.768169,0.782014,0.802901,4900.0,17000.0,6700.0,4,4,4,0|1|2|7,0|1|2|7,0|1|2|7,2xNA,0.782014,17000.0,9.582,0.3941,0,1,SC+NA,0.368750,0.631250
80,hotcore,20,4,0.113,0.2893,0.3069,0,22,1,0.862577,0.837047,0.899423,4900.0,18000.0,5120.0,1,1,1,0|1|6|7,0|1|6|7,2|3|4|5,2xSC,0.862577,4900.0,26.812,1.0449,1,0,SC+NA,0.456250,0.543750
81,hotcore,20,4,0.096,0.2847,0.3312,0,24,4,0.726065,0.749461,0.772844,5460.0,16500.0,7840.0,4,4,4,0|1|6|7,0|1|6|7,0|1|6|7,2xNA,0.749461,16500.0,9.333,0.4752,0,1,SC+NA,0.462500,0.537500
82,hotcore,20,3,0.103,0.2763,0.2778,0,17,2,0.803285,0.831969,0.830577,4840.0,16000.0,6920.0,2,2,2,0|1|3|4,0|1|3|4,2|5|6|7,2xNA,0.831969,16000.0,-0.829,0.4325,0,0,2xNA,0.337500,0.662500
83,hotcore,20,4,0.173,0.2374,0.3809,0,28,9,0.618971,0.627825,0.61872,5240.0,18000.0,10620.0,9,9,9,0|1|5|7,0|1|5|7,0|1|5|7,2xNA,0.627825,18000.0,-2.446,0.59,0,0,2xNA,0.487500,0.512500
84,hotcore,20,3,0.184,0.3067,0.3266,0,24,4,0.750006,0.772494,0.796869,5860.0,19000.0,7660.0,4,4,5,0|2|3|4,0|2|3|4,0|1|5|6,2xNA,0.772494,19000.0,10.714,0.4032,0,1,SC+NA,0.418750,0.581250
85,hotcore,20,3,0.127,0.3282,0.3757,0,25,7,0.702547,0.71032,0.725018,5040.0,18000.0,8060.0,7,7,7,0|2|3|7,0|4|5|6,0|2|3|7,2xNA,0.71032,18000.0,5.074,0.4478,0,1,SC+NA,0.437500,0.562500
86,hotcore,20,4,0.016,0.2961,0.3109,0,22,1,0.802937,0.825755,0.879696,5480.0,17000.0,6100.0,1,1,1,0|4|6|7,0|4|6|7,0|4|6|7,2xNA,0.825755,17000.0,30.957,0.3588,0,1,SC+NA,0.493750,0.506250
87,hotcore,20,5,0.046,0.2662,0.3125,1,21,5,0.743706,0.752526,0.758863,4700.0,17500.0,10400.0,5,5,5,0|1|3|7,0|1|3|7,2|4|5|6,2xNA,0.752526,17500.0,2.561,0.5943,0,1,SC+NA,0.481250,0.518750
88,hotcore,20,5,0.046,0.2595,0.3671,1,26,9,0.6194,0.644901,0.623631,5700.0,17000.0,11640.0,9,9,9,0|2|4|7,0|2|4|7,0|2|4|7,2xNA,0.644901,17000.0,-5.99,0.6847,0,0,2xNA,0.581250,0.418750
89,hotcore,20,3,0.125,0.311,0.2655,0,14,0,0.926871,0.902516,0.958799,2660.0,14500.0,2660.0,0,0,0,0|5|6|7,0|5|6|7,0|5|6|7,2xSC,0.926871,2660.0,43.66,1.0,0,1,SC+NA,0.350000,0.650000
90,hotcore,20,5,0.028,0.2457,0.3503,1,24,7,0.67253,0.687368,0.671368,5040.0,16500.0,11920.0,7,7,7,0|1|4|7,0|1|4|7,2|3|5|6,2xNA,0.687368,16500.0,-5.118,0.7224,0,0,2xNA,0.487500,0.512500
91,hotcore,20,3,0.043,0.2953,0.2559,0,12,0,0.906669,0.916477,0.939252,3920.0,13500.0,3920.0,0,0,0,0|1|2|4,0|1|2|4,3|5|6|7,2xNA,0.916477,13500.0,27.269,0.2904,0,1,SC+NA,0.275000,0.725000
92,hotcore,20,5,0.117,0.2835,0.3874,1,28,9,0.648172,0.644599,0.623835,5620.0,18500.0,11120.0,9,9,9,0|3|4|5,0|1|3|5,0|3|4|5,2xSC,0.648172,5620.0,-6.917,1.9786,0,0,2xSC,0.550000,0.450000
93,hotcore,20,4,0.104,0.2715,0.373,0,27,4,0.766922,0.74149,0.787611,4720.0,17500.0,6900.0,4,4,4,0|1|2|7,0|1|2|7,0|1|2|7,2xSC,0.766922,4720.0,8.876,1.4619,1,0,SC+NA,0.525000,0.475000
94,hotcore,20,4,0.034,0.3441,0.3736,0,26,2,0.753867,0.783667,0.826837,6460.0,18500.0,8060.0,2,2,2,0|2|3|5,0|2|3|5,0|2|3|5,2xNA,0.783667,18500.0,19.955,0.4357,0,1,SC+NA,0.475000,0.525000
95,hotcore,20,5,0.108,0.1915,0.3986,1,28,9,0.641913,0.630673,0.559155,4720.0,19000.0,14920.0,9,9,10,0|1|3|6,0|1|3|6,0|1|2|3,2xSC,0.641913,4720.0,-23.111,3.161,0,0,2xSC,0.656250,0.343750
96,hotcore,20,3,0.182,0.2208,0.3887,0,27,10,0.600505,0.611465,0.587333,5100.0,17000.0,9400.0,10,10,12,0|2|4|7,0|2|4|7,1|2|5|6,2xNA,0.611465,17000.0,-6.211,0.5529,0,0,2xNA,0.500000,0.500000
97,hotcore,20,3,0.163,0.2307,0.3571,0,21,6,0.736827,0.734324,0.719416,4100.0,14500.0,9420.0,6,6,6,0|1|4|7,0|1|4|7,0|1|4|7,2xSC,0.736827,4100.0,-6.616,2.2976,0,0,2xSC,0.387500,0.612500
98,hotcore,20,3,0.168,0.2302,0.3056,0,20,6,0.727586,0.736393,0.742503,3700.0,15000.0,6620.0,6,6,6,0|1|3|4,0|1|3|4,2|5|6|7,2xNA,0.736393,15000.0,2.318,0.4413,0,1,SC+NA,0.393750,0.606250
99,hotcore,20,3,0.048,0.3268,0.302,0,20,2,0.80731,0.831879,0.838811,5900.0,17500.0,6660.0,2,2,3,0|2|4|6,0|2|4|6,0|2|3|6,2xNA,0.831879,17500.0,4.123,0.3806,0,1,SC+NA,0.362500,0.637500
